{
	"format_version": "1.8.0",
	"animations": {
		"animation.scarab.walking": {
			"loop": true,
			"animation_length": 1,
			"bones": {
				"elytron1": {
					"rotation": {
						"0.0": {
							"vector": [41.64867, 20.70481, 9.00717]
						},
						"0.16": {
							"vector": [31.64867, 20.70481, 9.00717]
						},
						"0.4": {
							"vector": [41.64867, 20.70481, 9.00717]
						},
						"0.64": {
							"vector": [34.14867, 20.70481, 9.00717]
						},
						"0.88": {
							"vector": [44.14867, 20.70481, 9.00717]
						}
					}
				},
				"elytron2": {
					"rotation": {
						"0.0": {
							"vector": [41.6487, -20.7048, -9.0072]
						},
						"0.16": {
							"vector": [34.1487, -20.7048, -9.0072]
						},
						"0.4": {
							"vector": [41.6487, -20.7048, -9.0072]
						},
						"0.64": {
							"vector": [34.1487, -20.7048, -9.0072]
						},
						"0.88": {
							"vector": [44.1487, -20.7048, -9.0072]
						}
					},
					"position": {
						"vector": [0, 0, 0]
					}
				},
				"leg1": {
					"rotation": {
						"0.0": {
							"vector": [0, 0, 0]
						},
						"0.08": {
							"vector": [0, 22.5, 0]
						},
						"0.16": {
							"vector": [0, 0, 0]
						},
						"0.24": {
							"vector": [0, 22.5, 0]
						},
						"0.32": {
							"vector": [0, 0, 0]
						},
						"0.4": {
							"vector": [0, 22.5, 0]
						},
						"0.48": {
							"vector": [0, 0, 0]
						},
						"0.56": {
							"vector": [0, 22.5, 0]
						},
						"0.64": {
							"vector": [0, 0, 0]
						},
						"0.72": {
							"vector": [0, 22.5, 0]
						},
						"0.8": {
							"vector": [0, 0, 0]
						}
					}
				},
				"leg2": {
					"rotation": {
						"0.0": {
							"vector": [0, 0, 0]
						},
						"0.16": {
							"vector": [0, 22.5, 0]
						},
						"0.24": {
							"vector": [0, 0, 0]
						},
						"0.32": {
							"vector": [0, 22.5, 0]
						},
						"0.4": {
							"vector": [0, 0, 0]
						},
						"0.48": {
							"vector": [0, 22.5, 0]
						},
						"0.56": {
							"vector": [0, 0, 0]
						},
						"0.64": {
							"vector": [0, 22.5, 0]
						},
						"0.72": {
							"vector": [0, 0, 0]
						},
						"0.8": {
							"vector": [0, 22.5, 0]
						},
						"0.88": {
							"vector": [0, 0, 0]
						}
					}
				},
				"leg3": {
					"rotation": {
						"0.0": {
							"vector": [0, 0, 0]
						},
						"0.08": {
							"vector": [0, -22.5, 0]
						},
						"0.16": {
							"vector": [0, 0, 0]
						},
						"0.24": {
							"vector": [0, -22.5, 0]
						},
						"0.32": {
							"vector": [0, 0, 0]
						},
						"0.4": {
							"vector": [0, -22.5, 0]
						},
						"0.48": {
							"vector": [0, 0, 0]
						},
						"0.56": {
							"vector": [0, -22.5, 0]
						},
						"0.64": {
							"vector": [0, 0, 0]
						},
						"0.72": {
							"vector": [0, -22.5, 0]
						},
						"0.8": {
							"vector": [0, 0, 0]
						}
					}
				},
				"leg4": {
					"rotation": {
						"0.0": {
							"vector": [0, 0, 0]
						},
						"0.08": {
							"vector": [0, -22.5, 0]
						},
						"0.16": {
							"vector": [0, 0, 0]
						},
						"0.24": {
							"vector": [0, -22.5, 0]
						},
						"0.32": {
							"vector": [0, 0, 0]
						},
						"0.4": {
							"vector": [0, -22.5, 0]
						},
						"0.48": {
							"vector": [0, 0, 0]
						},
						"0.56": {
							"vector": [0, -22.5, 0]
						},
						"0.64": {
							"vector": [0, 0, 0]
						},
						"0.72": {
							"vector": [0, -22.5, 0]
						},
						"0.8": {
							"vector": [0, 0, 0]
						}
					}
				},
				"leg5": {
					"rotation": {
						"0.0": {
							"vector": [0, 0, 0]
						},
						"0.16": {
							"vector": [0, -22.5, 0]
						},
						"0.24": {
							"vector": [0, 0, 0]
						},
						"0.32": {
							"vector": [0, -22.5, 0]
						},
						"0.4": {
							"vector": [0, 0, 0]
						},
						"0.48": {
							"vector": [0, -22.5, 0]
						},
						"0.56": {
							"vector": [0, 0, 0]
						},
						"0.64": {
							"vector": [0, -22.5, 0]
						},
						"0.72": {
							"vector": [0, 0, 0]
						},
						"0.8": {
							"vector": [0, -22.5, 0]
						},
						"0.88": {
							"vector": [0, 0, 0]
						}
					}
				},
				"leg6": {
					"rotation": {
						"0.0": {
							"vector": [0, 0, 0]
						},
						"0.08": {
							"vector": [0, 22.5, 0]
						},
						"0.16": {
							"vector": [0, 0, 0]
						},
						"0.24": {
							"vector": [0, 22.5, 0]
						},
						"0.32": {
							"vector": [0, 0, 0]
						},
						"0.4": {
							"vector": [0, 22.5, 0]
						},
						"0.48": {
							"vector": [0, 0, 0]
						},
						"0.56": {
							"vector": [0, 22.5, 0]
						},
						"0.64": {
							"vector": [0, 0, 0]
						},
						"0.72": {
							"vector": [0, 22.5, 0]
						},
						"0.8": {
							"vector": [0, 0, 0]
						}
					}
				},
				"wing1": {
					"rotation": {
						"vector": [39.63927, 53.13995, 33.5375]
					},
					"position": {
						"vector": [1, 0, 1]
					}
				},
				"wing2": {
					"rotation": {
						"vector": [39.6393, -53.14, -33.5375]
					},
					"position": {
						"vector": [-1.5, 0, 0.25]
					}
				}
			}
		},
		"animation.scarab.flying": {
			"loop": true,
			"animation_length": 0.6,
			"bones": {
				"body": {
					"rotation": {
						"vector": [-30, 0, 0]
					},
					"position": {
						"vector": [0, -0.68301, 0.18301]
					}
				},
				"elytron1": {
					"rotation": {
						"vector": [54.73561, 30, 35.26439]
					}
				},
				"elytron2": {
					"rotation": {
						"vector": [54.7356, -30, -35.2644]
					}
				},
				"leg1": {
					"rotation": {
						"0.0": {
							"vector": [0, 0, 40]
						},
						"0.4": {
							"vector": [0, 0, 67.5]
						},
						"0.56": {
							"vector": [0, 0, 45]
						}
					}
				},
				"leg2": {
					"rotation": {
						"0.0": {
							"vector": [0, 0, 45]
						},
						"0.16": {
							"vector": [0, 0, 60]
						},
						"0.4": {
							"vector": [0, 0, 30]
						},
						"0.56": {
							"vector": [0, 0, 45]
						}
					},
					"position": {
						"vector": [0, -0.75, 0]
					}
				},
				"leg3": {
					"rotation": {
						"0.0": {
							"vector": [0, 0, 52.5]
						},
						"0.4": {
							"vector": [0, 0, 67.5]
						},
						"0.56": {
							"vector": [0, 0, 45]
						}
					},
					"position": {
						"vector": [0, -1.5, 0]
					}
				},
				"leg4": {
					"rotation": {
						"0.0": {
							"vector": [0, 0, -40]
						},
						"0.4": {
							"vector": [0, 0, -70]
						},
						"0.56": {
							"vector": [0, 0, -45]
						}
					}
				},
				"leg5": {
					"rotation": {
						"0.0": {
							"vector": [0, 0, -45]
						},
						"0.16": {
							"vector": [0, 0, -62.5]
						},
						"0.4": {
							"vector": [0, 0, -32.5]
						},
						"0.56": {
							"vector": [0, 0, -45]
						}
					},
					"position": {
						"vector": [0.20711, -1.20711, -0.5]
					}
				},
				"leg6": {
					"rotation": {
						"0.0": {
							"vector": [0, 0, -52.5]
						},
						"0.4": {
							"vector": [0, 0, -70]
						},
						"0.56": {
							"vector": [0, 0, -45]
						}
					},
					"position": {
						"vector": [0, -2, 0]
					}
				},
				"wing1": {
					"rotation": {
						"0.0": {
							"vector": [5.80005, 26.94622, 13.71217]
						},
						"0.08": {
							"vector": [-16.69995, 26.94622, 13.71217]
						},
						"0.16": {
							"vector": [13.30005, 26.94622, 13.71217]
						},
						"0.24": {
							"vector": [-11.69995, 26.94622, 13.71217]
						},
						"0.32": {
							"vector": [15.80005, 26.94622, 13.71217]
						},
						"0.4": {
							"vector": [-16.69995, 26.94622, 13.71217]
						},
						"0.48": {
							"vector": [15.80005, 26.94622, 13.71217]
						},
						"0.56": {
							"vector": [-6.69995, 26.94622, 13.71217]
						}
					},
					"position": {
						"vector": [1.09151, 0.81425, 2.15461]
					}
				},
				"wing2": {
					"rotation": {
						"0.0": {
							"vector": [4.11405, -22.13991, -10.80524]
						},
						"0.08": {
							"vector": [-18.38595, -22.13991, -10.80524]
						},